"Run Number","Mutation Number","Percentage","Flip Percentage","Accuracy1","Loss1","Accuracy2","Loss2"
0,0,5,25,0.9954134816,0.0169613965,0.9885378398,0.0350059914
0,1,5,25,0.9937456567,0.0218018803,0.9880969875,0.0350942909
0,2,5,25,0.99485754,0.0195106568,0.9888317414,0.0361462147
0,3,5,25,0.9954134816,0.0185137883,0.9892725937,0.0333181791
0,4,5,25,0.9947185546,0.0201808221,0.9891256429,0.0340694447
1,0,5,25,0.9930594114,0.0232323739,0.9888169511,0.0369004424
1,1,5,25,0.992087729,0.0277331447,0.9891112419,0.0356447579
1,2,5,25,0.9952803998,0.0212019856,0.9898469688,0.0347591322
1,3,5,25,0.9934758468,0.0255936449,0.9892583873,0.036340039
1,4,5,25,0.9927817879,0.0249062906,0.9894055327,0.0353937372
2,0,5,25,0.9939733707,0.0195935454,0.990386016,0.0315901766
2,1,5,25,0.9941135249,0.0189821973,0.990386016,0.0307194469
2,2,5,25,0.9948142957,0.0164086028,0.9928623452,0.0304888514
2,3,5,25,0.9949544499,0.0169873163,0.9916970138,0.0308184742
2,4,5,25,0.9920112123,0.0267134885,0.992425346,0.0280162975
3,0,5,25,0.9938761308,0.0211948222,0.9892883346,0.0370369018
3,1,5,25,0.9941544885,0.0190524674,0.9900220103,0.0319408739
3,2,5,25,0.9954070981,0.0173654386,0.9895818048,0.0322158713
3,3,5,25,0.9949895616,0.0168939822,0.9901687454,0.0348101236
3,4,5,25,0.9906750174,0.0279055934,0.98972854,0.0340105727
0,0,5,50,0.9938846421,0.018984579,0.9883908891,0.035300845
0,1,5,50,0.9961084086,0.0159962976,0.9888317414,0.0343207633
0,2,5,50,0.9954134816,0.0172993548,0.9894195445,0.0327049297
0,3,5,50,0.9952744962,0.0175224926,0.9894195445,0.0355146693
0,4,5,50,0.9952744962,0.0193686608,0.9879500367,0.0360059551
1,0,5,50,0.9936146585,0.0240627073,0.9882283697,0.0387060756
1,1,5,50,0.9937534703,0.0230191383,0.9894055327,0.0345905233
1,2,5,50,0.9952803998,0.0213669253,0.9879340789,0.0350531386
1,3,5,50,0.9943087174,0.0248130649,0.988375515,0.0386062699
1,4,5,50,0.9941699056,0.0239992143,0.9886698058,0.03616251
2,0,5,50,0.9943938332,0.0181722443,0.9922796795,0.0269484198
2,1,5,50,0.9949544499,0.0181669765,0.9912600146,0.028266344
2,2,5,50,0.9943938332,0.0186805882,0.9902403496,0.0320750557
2,3,5,50,0.9941135249,0.0171636593,0.9928623452,0.0266916188
2,4,5,50,0.9936930624,0.0173846817,0.9916970138,0.0291301788
3,0,5,50,0.9952679193,0.0177428197,0.9903154806,0.0315519616
3,1,5,50,0.9948503827,0.0168522607,0.9894350697,0.0341822829
3,2,5,50,0.9952679193,0.0191639456,0.9889948643,0.0322754467
3,3,5,50,0.995546277,0.0168331699,0.9900220103,0.0312448877
3,4,5,50,0.9948503827,0.0174207535,0.9901687454,0.0313746193
0,0,5,75,0.9954134816,0.0166835328,0.9905951506,0.031572123
0,1,5,75,0.9956914524,0.0189652292,0.9894195445,0.0323512903
0,2,5,75,0.9941626129,0.0172076876,0.9900073475,0.0351452184
0,3,5,75,0.9940236275,0.0186036798,0.9885378398,0.0344535311
0,4,5,75,0.99485754,0.0204325341,0.9866274798,0.043073245
1,0,5,75,0.9947251527,0.0226258382,0.9888169512,0.0362750345
1,1,5,75,0.9931982232,0.0241304698,0.9894055327,0.0349657299
1,2,5,75,0.9945863409,0.0228034667,0.9888169512,0.037268762
1,3,5,75,0.9948639645,0.0230418306,0.9896998235,0.0368922235
1,4,5,75,0.9938922821,0.0233350248,0.988375515,0.0349120255
2,0,5,75,0.9943938332,0.0167748112,0.991405681,0.0275432549
2,1,5,75,0.9932725999,0.0207781944,0.991405681,0.0289404371
2,2,5,75,0.9939733707,0.0176428275,0.991405681,0.0311137423
2,3,5,75,0.9952347582,0.0155790989,0.9922796795,0.0278956708
2,4,5,75,0.993412754,0.0217057614,0.991405681,0.029989429
3,0,5,75,0.9952679193,0.0194997119,0.9884079237,0.0354369735
3,1,5,75,0.9945720251,0.0202615488,0.98972854,0.0321847208
3,2,5,75,0.9916492693,0.0270324836,0.9900220103,0.0310442995
3,3,5,75,0.9956854558,0.0164000685,0.9894350697,0.031782979
3,4,5,75,0.995546277,0.0165586834,0.9889948643,0.0343484039
0,0,5,100,0.9952744962,0.0172537659,0.9880969875,0.0359690433
0,1,5,100,0.9951355108,0.0178250681,0.9901542983,0.0312360485
0,2,5,100,0.9952744962,0.0197265103,0.9892725937,0.0333666604
0,3,5,100,0.9943015983,0.0231260508,0.9888317414,0.0355752175
0,4,5,100,0.9951355108,0.0184787909,0.9898603968,0.0316084313
1,0,5,100,0.9941699056,0.0234045816,0.9892583873,0.0352947725
1,1,5,100,0.9940310938,0.0233817459,0.9886698058,0.0364395051
1,2,5,100,0.9936146585,0.0262433646,0.990288405,0.0355438544
1,3,5,100,0.9936146585,0.0267554116,0.988375515,0.0346809761
1,4,5,100,0.9930594114,0.0241151622,0.9896998235,0.0337678103
2,0,5,100,0.9939733707,0.0207415171,0.9922796795,0.0279683059
2,1,5,100,0.9939733707,0.0226645808,0.9908230153,0.0319263062
2,2,5,100,0.9945339874,0.0193050987,0.9915513474,0.0282350891
2,3,5,100,0.994253679,0.0185542494,0.9918426803,0.0298522732
2,4,5,100,0.993412754,0.0195740284,0.990386016,0.0305852949
3,0,5,100,0.9942936674,0.0189587275,0.9901687454,0.0343290532
3,1,5,100,0.9935977731,0.0218801323,0.9888481291,0.0368282005
3,2,5,100,0.9948503827,0.0198046789,0.9894350697,0.0312415414
3,3,5,100,0.9949895616,0.0183976438,0.9888481291,0.0335304502
3,4,5,100,0.9951287404,0.017540277,0.9903154806,0.0311496217
0,0,10,25,0.9954134816,0.0189746425,0.9872152829,0.036539419
0,1,10,25,0.9947185546,0.0175616269,0.9883908891,0.0362781241
0,2,10,25,0.9952744962,0.019037625,0.9891256429,0.0339821193
0,3,10,25,0.99485754,0.0181749034,0.9886847906,0.0353321918
0,4,10,25,0.9943015983,0.018561495,0.9889786921,0.0342644686
1,0,10,25,0.9941699056,0.0232092482,0.9882283697,0.0409169275
1,1,10,25,0.993337035,0.0253115367,0.9888169512,0.0341781306
1,2,10,25,0.9945863409,0.0203856521,0.988375515,0.0364130948
1,3,10,25,0.9937534703,0.0255878452,0.9880812242,0.0374228015
1,4,10,25,0.9941699056,0.0233779851,0.9894055327,0.0325109226
2,0,10,25,0.9948142957,0.0162420704,0.9911143481,0.0309759323
2,1,10,25,0.994253679,0.0187971661,0.992425346,0.0293528594
2,2,10,25,0.9943938332,0.0167379279,0.9911143481,0.0331108331
2,3,10,25,0.9946741416,0.0179759333,0.990386016,0.0318214932
2,4,10,25,0.9950946041,0.0172878421,0.9908230153,0.0310279206
3,0,10,25,0.9949895616,0.0188518091,0.9885546588,0.0328214298
3,1,10,25,0.9935977731,0.022418514,0.9903154806,0.0325631355
3,2,10,25,0.9941544885,0.0211725892,0.9882611886,0.0374615121
3,3,10,25,0.9944328462,0.0203629747,0.98972854,0.0333021881
3,4,10,25,0.9938761308,0.0192677173,0.9894350697,0.0350306754
0,0,10,50,0.9945795691,0.0192247316,0.9888317414,0.0361346584
0,1,10,50,0.99485754,0.0180559303,0.9886847906,0.034993902
0,2,10,50,0.9938846421,0.0241981237,0.9891256429,0.0337960827
0,3,10,50,0.9954134816,0.0170388903,0.9880969875,0.037439477
0,4,10,50,0.9952744962,0.0183108781,0.9886847906,0.0379474298
1,0,10,50,0.9936146585,0.0250325418,0.9891112419,0.0390808592
1,1,10,50,0.9945863409,0.0207678381,0.9882283697,0.0357012028
1,2,10,50,0.9923653526,0.0248253544,0.9876397881,0.0381180208
1,3,10,50,0.995141588,0.0203207911,0.9889640966,0.0359000567
1,4,10,50,0.9941699056,0.0232358505,0.9895526781,0.0361484589
2,0,10,50,0.9945339874,0.0186948402,0.990386016,0.0335164667
2,1,10,50,0.9952347582,0.0165900012,0.9915513474,0.0279608589
2,2,10,50,0.9952347582,0.0176367545,0.9922796795,0.0286817112
2,3,10,50,0.9945339874,0.0173461781,0.991405681,0.0296575523
2,4,10,50,0.9950946041,0.0161995313,0.9921340131,0.0271934208
3,0,10,50,0.9948503827,0.0180998724,0.9888481291,0.0328878046
3,1,10,50,0.9948503827,0.0190195944,0.9894350697,0.0302456734
3,2,10,50,0.9952679193,0.0173767625,0.9900220103,0.0312624726
3,3,10,50,0.9938761308,0.0192121188,0.9906089508,0.0312191538
3,4,10,50,0.9952679193,0.0195427763,0.9892883346,0.0333957973
0,0,10,75,0.9933287005,0.0236215941,0.987803086,0.0378331034
0,1,10,75,0.9949965254,0.0187913133,0.987803086,0.0373493768
0,2,10,75,0.9944405837,0.0194949082,0.9889786921,0.0350901966
0,3,10,75,0.99485754,0.019164682,0.9875091844,0.0365771425
0,4,10,75,0.9952744962,0.0170265565,0.9892725937,0.0350928352
1,0,10,75,0.9934758468,0.0239888543,0.9879340789,0.0380357012
1,1,10,75,0.9941699056,0.0227778889,0.9898469688,0.0388389619
1,2,10,75,0.9930594114,0.0271967923,0.9873454974,0.039856142
1,3,10,75,0.993337035,0.0266507681,0.9892583873,0.0378680081
1,4,10,75,0.9938922821,0.0241442233,0.9877869335,0.0364387827
2,0,10,75,0.9941135249,0.0193742991,0.992425346,0.0296934731
2,1,10,75,0.9946741416,0.016184368,0.9921340131,0.0296029739
2,2,10,75,0.9946741416,0.0170200852,0.9925710124,0.0291189597
2,3,10,75,0.9936930624,0.019824426,0.991405681,0.0283367905
2,4,10,75,0.9938332165,0.0187952787,0.9906773489,0.0307150961
3,0,10,75,0.9942936674,0.0188575727,0.9900220103,0.0330226112
3,1,10,75,0.991927627,0.0264031292,0.9888481291,0.0360222685
3,2,10,75,0.9944328462,0.0196402767,0.987674248,0.0348263409
3,3,10,75,0.9944328462,0.0185255549,0.9914893617,0.0301137678
3,4,10,75,0.9947112039,0.0180008271,0.9909024211,0.0306871934
0,0,10,100,0.9961084086,0.0171241157,0.9885378398,0.0366877815
0,1,10,100,0.9954134816,0.0185873861,0.9882439383,0.0389650104
0,2,10,100,0.9954134816,0.0178660477,0.9895664952,0.0351091994
0,3,10,100,0.9954134816,0.0192502819,0.9891256429,0.0357483808
0,4,10,100,0.9930507297,0.024349374,0.9875091844,0.0376864274
1,0,10,100,0.993337035,0.0252087067,0.9901412596,0.0342108492
1,1,10,100,0.9948639645,0.0197718023,0.9896998235,0.0339894413
1,2,10,100,0.9945863409,0.0213695524,0.9877869335,0.0393999247
1,3,10,100,0.9944475292,0.0230633503,0.9880812242,0.0340443651
1,4,10,100,0.9945863409,0.0217008024,0.9886698058,0.0363438503
2,0,10,100,0.9945339874,0.0169218397,0.9911143481,0.0304987612
2,1,10,100,0.9932725999,0.0228449429,0.9918426803,0.0281405151
2,2,10,100,0.9949544499,0.0203544182,0.9908230153,0.0305142059
2,3,10,100,0.9945339874,0.0181689741,0.9909686817,0.031959781
2,4,10,100,0.9949544499,0.0179495473,0.9921340131,0.0289800354
3,0,10,100,0.9952679193,0.0169416394,0.9900220103,0.0332822668
3,1,10,100,0.9935977731,0.0215903029,0.9891415994,0.0383450728
3,2,10,100,0.9948503827,0.0187567498,0.9903154806,0.0326387013
3,3,10,100,0.9940153097,0.0206014196,0.988701394,0.0359311976
3,4,10,100,0.9903966597,0.0319894958,0.9892883346,0.0340119106
0,0,25,25,0.9952744962,0.0186654245,0.9891256429,0.0352378066
0,1,25,25,0.9937456567,0.0207247657,0.9875091844,0.0349952132
0,2,25,25,0.9947185546,0.0202717214,0.9889786921,0.0346609526
0,3,25,25,0.9943015983,0.0187178537,0.9882439383,0.0347199605
0,4,25,25,0.995552467,0.0174678564,0.9885378398,0.0351198991
1,0,25,25,0.9944475292,0.0208502825,0.9894055327,0.0374350383
1,1,25,25,0.9943087174,0.0211882354,0.9894055327,0.0345079329
1,2,25,25,0.9944475292,0.0234221915,0.9888169511,0.0361897922
1,3,25,25,0.9938922821,0.0254421553,0.9892583873,0.0381313249
1,4,25,25,0.9938922821,0.0226557395,0.9901412596,0.035360104
2,0,25,25,0.9946741416,0.0189598756,0.9915513474,0.0285278128
2,1,25,25,0.9945339874,0.0168247763,0.991405681,0.0305237544
2,2,25,25,0.9936930624,0.0182267072,0.991405681,0.0335793148
2,3,25,25,0.9927119832,0.0270162395,0.9905316824,0.033632168
2,4,25,25,0.9946741416,0.0172761234,0.9912600146,0.0296040206
3,0,25,25,0.9958246347,0.0171205253,0.9882611886,0.037585544
3,1,25,25,0.9962421712,0.0166472445,0.9898752751,0.0330747906
3,2,25,25,0.9942936674,0.0185388436,0.9895818048,0.0331726337
3,3,25,25,0.9952679193,0.0164285174,0.988701394,0.0342307631
3,4,25,25,0.9952679193,0.0185243385,0.9892883346,0.0305438359
0,0,25,50,0.99485754,0.019044026,0.9894195445,0.0341516513
0,1,25,50,0.9938846421,0.0209179829,0.9880969875,0.0371015098
0,2,25,50,0.9947185546,0.0192286636,0.9879500367,0.0366616826
0,3,25,50,0.9941626129,0.02136913,0.9900073475,0.0336132745
0,4,25,50,0.99485754,0.0184075904,0.9885378398,0.0362803802
1,0,25,50,0.9941699056,0.0223004317,0.988375515,0.0383276199
1,1,25,50,0.9945863409,0.0219222567,0.9889640966,0.0349341619
1,2,25,50,0.9938922821,0.0227830022,0.9892583873,0.0354331047
1,3,25,50,0.9944475292,0.0217045712,0.9879340789,0.0381967458
1,4,25,50,0.9941699056,0.0215510176,0.9876397881,0.0361186303
2,0,25,50,0.9939733707,0.0219115684,0.9911143481,0.0313947155
2,1,25,50,0.994253679,0.0169326584,0.9921340131,0.0284523706
2,2,25,50,0.994253679,0.0201141691,0.9911143481,0.0291856714
2,3,25,50,0.9936930624,0.0204125477,0.9895120175,0.0353279441
2,4,25,50,0.9935529082,0.0184233876,0.9915513474,0.0300679641
3,0,25,50,0.9954070981,0.0184166403,0.9895818048,0.0313107797
3,1,25,50,0.9947112039,0.0181701313,0.9889948643,0.035044726
3,2,25,50,0.9952679193,0.0176108195,0.9898752751,0.0310356987
3,3,25,50,0.9949895616,0.0177293383,0.9895818048,0.0330346942
3,4,25,50,0.9952679193,0.0168744626,0.9892883346,0.0327866581
0,0,25,75,0.9947185546,0.0196653257,0.9905951506,0.0314192803
0,1,25,75,0.995552467,0.0189484656,0.9880969875,0.0400976858
0,2,25,75,0.9952744962,0.0182412596,0.9876561352,0.0376118548
0,3,25,75,0.9933287005,0.0230435972,0.9886847906,0.0365085085
0,4,25,75,0.9933287005,0.0243344102,0.9882439383,0.0370828607
1,0,25,75,0.9943087174,0.0235960756,0.9892583873,0.0360158547
1,1,25,75,0.9938922821,0.0230241819,0.9873454974,0.0380352801
1,2,25,75,0.9943087174,0.0237428248,0.9892583873,0.0357928047
1,3,25,75,0.9940310938,0.022459784,0.9888169511,0.0355586787
1,4,25,75,0.9943087174,0.0251728052,0.9889640966,0.0350232962
2,0,25,75,0.994253679,0.0198977723,0.9905316824,0.0308492664
2,1,25,75,0.9945339874,0.0190176326,0.9912600146,0.0286915448
2,2,25,75,0.9927119832,0.0245264976,0.9912600146,0.0343266282
2,3,25,75,0.9938332165,0.0200812618,0.990386016,0.0304570697
2,4,25,75,0.994253679,0.018483637,0.9925710124,0.0304927831
3,0,25,75,0.9942936674,0.0210144518,0.9889948643,0.0348886284
3,1,25,75,0.9947112039,0.0186447317,0.9894350697,0.0356526721
3,2,25,75,0.9954070981,0.0175348132,0.9891415994,0.0338931669
3,3,25,75,0.9945720251,0.0195174165,0.9901687454,0.0309125374
3,4,25,75,0.9947112039,0.0185879059,0.9891415994,0.0324574501
0,0,25,100,0.9945795691,0.0178870388,0.9882439383,0.0373544893
0,1,25,100,0.9937456567,0.0223381784,0.9889786921,0.0334589768
0,2,25,100,0.9933287005,0.0250843469,0.986480529,0.0392448097
0,3,25,100,0.9941626129,0.0169607471,0.9872152829,0.0334813107
0,4,25,100,0.9936066713,0.0223484295,0.9872152829,0.0380537911
1,0,25,100,0.9950027762,0.0206981405,0.988375515,0.0364621311
1,1,25,100,0.9944475292,0.0246620565,0.988375515,0.0357508314
1,2,25,100,0.9926429761,0.0260824362,0.9879340789,0.034294531
1,3,25,100,0.9943087174,0.0253117931,0.9894055327,0.0371022775
1,4,25,100,0.9934758468,0.0238739703,0.990288405,0.0341735185
2,0,25,100,0.993412754,0.0209562698,0.9896576839,0.0331496231
2,1,25,100,0.9945339874,0.0170424602,0.9908230153,0.0298075434
2,2,25,100,0.9921513665,0.0271284268,0.9909686817,0.029342515
2,3,25,100,0.9943938332,0.018897819,0.9918426803,0.0291191656
2,4,25,100,0.9936930624,0.0186848919,0.9916970138,0.0270126877
3,0,25,100,0.9956854558,0.0176092325,0.9913426266,0.0308213203
3,1,25,100,0.995546277,0.0177293158,0.9904622157,0.0361982701
3,2,25,100,0.9949895616,0.0171393433,0.988701394,0.0336836625
3,3,25,100,0.9944328462,0.0200727055,0.9901687454,0.0315391728
3,4,25,100,0.9947112039,0.018999274,0.9903154806,0.0352128343
0,0,50,25,0.9951355108,0.0182017855,0.9875091844,0.0365572827
0,1,50,25,0.9956914524,0.0174537013,0.9863335783,0.0376716563
0,2,50,25,0.9945795691,0.0208073339,0.9885378398,0.0383969106
0,3,50,25,0.9926337735,0.0264086476,0.9870683321,0.0355517646
0,4,50,25,0.995552467,0.0172703895,0.9888317414,0.036126009
1,0,50,25,0.9931982232,0.0236580235,0.9876397881,0.0395744803
1,1,50,25,0.9943087174,0.0230681788,0.9874926428,0.0414937034
1,2,50,25,0.9940310938,0.0218286626,0.9876397881,0.0390343738
1,3,50,25,0.9941699056,0.0210666744,0.9891112419,0.0387129024
1,4,50,25,0.9931982232,0.0283426149,0.9873454974,0.0411345198
2,0,50,25,0.9936930624,0.0171928689,0.991405681,0.029433041
2,1,50,25,0.994253679,0.0180267396,0.991405681,0.0303351615
2,2,50,25,0.9950946041,0.0166676753,0.9906773489,0.0304270064
2,3,50,25,0.9948142957,0.017462839,0.9905316824,0.0321188968
2,4,50,25,0.9935529082,0.0244870847,0.9908230153,0.0294023603
3,0,50,25,0.9958246347,0.0176342693,0.9879677183,0.0353457289
3,1,50,25,0.9947112039,0.0190877403,0.9879677183,0.0348325689
3,2,50,25,0.9959638135,0.0162125305,0.9891415994,0.0328362663
3,3,50,25,0.9948503827,0.0178306181,0.988701394,0.0352282889
3,4,50,25,0.9948503827,0.0196828793,0.9891415994,0.0350996895
0,0,50,50,0.9938846421,0.0212014095,0.9879500367,0.0383532542
0,1,50,50,0.9930507297,0.0204564816,0.9883908891,0.0355253401
0,2,50,50,0.9940236275,0.0207954008,0.9867744306,0.0399727551
0,3,50,50,0.9954134816,0.0182817064,0.9882439383,0.0369332581
0,4,50,50,0.9951355108,0.0179872412,0.9875091844,0.0376722586
1,0,50,50,0.9952803998,0.0198187592,0.9892583873,0.0368198786
1,1,50,50,0.9916712937,0.0282823136,0.988375515,0.0384701299
1,2,50,50,0.9945863409,0.0217331949,0.9879340789,0.0356219351
1,3,50,50,0.9941699056,0.0208613364,0.987198352,0.0391152586
1,4,50,50,0.9929205997,0.0257960744,0.9880812243,0.0386628054
2,0,50,50,0.994253679,0.0187374578,0.9905316824,0.0318944446
2,1,50,50,0.9948142957,0.0163762055,0.9911143481,0.0284385967
2,2,50,50,0.9946741416,0.0190397989,0.9915513474,0.031212167
2,3,50,50,0.9941135249,0.0183894772,0.9898033503,0.0302439769
2,4,50,50,0.9945339874,0.0187870055,0.9902403496,0.0298576025
3,0,50,50,0.9948503827,0.0179213968,0.9895818048,0.0362621278
3,1,50,50,0.9942936674,0.0202246421,0.9891415994,0.0360580293
3,2,50,50,0.9948503827,0.0200563294,0.9895818048,0.0352668532
3,3,50,50,0.9961029923,0.0162743321,0.9884079237,0.0335330586
3,4,50,50,0.9944328462,0.0182699498,0.9891415994,0.0366522166
0,0,50,75,0.9952744962,0.017462207,0.9888317414,0.0355933599
0,1,50,75,0.9945795691,0.01848332,0.9875091844,0.0391333017
0,2,50,75,0.9945795691,0.023046516,0.9879500367,0.0359736777
0,3,50,75,0.9951355108,0.0180512159,0.9873622337,0.0382677614
0,4,50,75,0.9947185546,0.0179816376,0.987803086,0.0414992555
1,0,50,75,0.9944475292,0.0224711386,0.988375515,0.03903059
1,1,50,75,0.9934758468,0.0236421588,0.9879340789,0.0396982239
1,2,50,75,0.9934758468,0.0214591006,0.9901412596,0.0352412619
1,3,50,75,0.9945863409,0.0208795152,0.9889640966,0.0362123713
1,4,50,75,0.9938922821,0.0208835151,0.9894055327,0.0364976837
2,0,50,75,0.9941135249,0.0188879926,0.9905316824,0.0326805345
2,1,50,75,0.9946741416,0.0188538215,0.9887836854,0.0322869063
2,2,50,75,0.9946741416,0.0189605526,0.9898033503,0.0325819195
2,3,50,75,0.9953749124,0.0167225402,0.9911143481,0.0295320901
2,4,50,75,0.9935529082,0.0175324746,0.991405681,0.0294077154
3,0,50,75,0.9949895616,0.0187516105,0.9882611886,0.0377936872
3,1,50,75,0.9942936674,0.0204117906,0.98972854,0.0343344415
3,2,50,75,0.9961029923,0.0176448952,0.9884079237,0.0398937529
3,3,50,75,0.9945720251,0.0178728473,0.9881144534,0.0392545619
3,4,50,75,0.9944328462,0.0184558862,0.9879677183,0.0338208179
0,0,50,100,0.9943015983,0.018962247,0.9891256429,0.0380764189
0,1,50,100,0.9940236275,0.0195811747,0.9876561352,0.0375340121
0,2,50,100,0.9945795691,0.0206784702,0.9879500367,0.0383987127
0,3,50,100,0.9944405837,0.018804823,0.987803086,0.037823577
0,4,50,100,0.9954134816,0.0193865366,0.9880969875,0.0365686643
1,0,50,100,0.9944475292,0.0211259385,0.9873454974,0.040030849
1,1,50,100,0.9938922821,0.0229033054,0.9891112419,0.0379165161
1,2,50,100,0.9945863409,0.0224830937,0.988375515,0.0349254653
1,3,50,100,0.9938922821,0.0240185515,0.9889640966,0.0357179565
1,4,50,100,0.9938922821,0.0236090342,0.9889640966,0.0378167715
2,0,50,100,0.9946741416,0.0169372765,0.9916970138,0.0298545369
2,1,50,100,0.9941135249,0.0197785357,0.9909686817,0.0331293491
2,2,50,100,0.994253679,0.0183852006,0.9909686817,0.0294762098
2,3,50,100,0.9941135249,0.0207283954,0.9898033503,0.0335463478
2,4,50,100,0.9945339874,0.017469274,0.9912600146,0.0334957407
3,0,50,100,0.9938761308,0.0216074134,0.9892883346,0.0370610335
3,1,50,100,0.9948503827,0.0193896953,0.9889948643,0.0355980503
3,2,50,100,0.9947112039,0.0188798011,0.9891415994,0.0378201784
3,3,50,100,0.9947112039,0.0201028001,0.9903154806,0.0337074461
3,4,50,100,0.9926235212,0.0259981112,0.9891415994,0.0359757505
0,0,75,25,0.9945795691,0.0204820928,0.9866274798,0.0403013531
0,1,75,25,0.9941626129,0.0215656963,0.9854518736,0.0445052759
0,2,75,25,0.9943015983,0.0226954749,0.986480529,0.0429456501
0,3,75,25,0.9949965254,0.0171546591,0.9869213813,0.0410540935
0,4,75,25,0.9934676859,0.0225937693,0.9866274798,0.0436751545
1,0,75,25,0.995141588,0.0199170299,0.9861683343,0.0439074252
1,1,75,25,0.9945863409,0.0212143253,0.9879340789,0.0409247483
1,2,75,25,0.9947251527,0.0195813907,0.9848440259,0.0498128381
1,3,75,25,0.9934758468,0.0243311862,0.9869040612,0.0447515179
1,4,75,25,0.9950027762,0.0196565341,0.9876397881,0.0381943998
2,0,75,25,0.9939733707,0.0199378488,0.9889293518,0.0350839928
2,1,75,25,0.993412754,0.0206826921,0.9884923525,0.036590384
2,2,75,25,0.9945339874,0.0195501939,0.9874726875,0.040269592
2,3,75,25,0.9943938332,0.0226539184,0.9877640204,0.0358189702
2,4,75,25,0.994253679,0.0184669875,0.9900946832,0.0354171557
3,0,75,25,0.9947112039,0.0201776465,0.9860601614,0.0457714299
3,1,75,25,0.9940153097,0.0222652462,0.9869405723,0.0412513648
3,2,75,25,0.9935977731,0.0211291243,0.9878209831,0.0423742588
3,3,75,25,0.9935977731,0.0229852024,0.9863536317,0.0442385368
3,4,75,25,0.9945720251,0.0187060486,0.9875275128,0.0444126905
0,0,75,50,0.9947185546,0.0190839077,0.9847171198,0.0468337807
0,1,75,50,0.9944405837,0.021014121,0.984570169,0.0487941755
0,2,75,50,0.9952744962,0.0188300074,0.9853049229,0.0513000356
0,3,75,50,0.9951355108,0.0189153971,0.9860396767,0.043782748
0,4,75,50,0.9940236275,0.021077889,0.9867744306,0.0444050255
1,0,75,50,0.9941699056,0.0216121821,0.9851383167,0.0486054881
1,1,75,50,0.9948639645,0.020763157,0.9876397881,0.0412757896
1,2,75,50,0.9931982232,0.0240385876,0.9864626251,0.0461470408
1,3,75,50,0.9926429761,0.0257648733,0.9873454974,0.0441839186
1,4,75,50,0.9937534703,0.0223181866,0.9873454973,0.040311448
2,0,75,50,0.9939733707,0.0221611479,0.9919883467,0.0287934123
2,1,75,50,0.9939733707,0.018389829,0.9906773489,0.0331306326
2,2,75,50,0.9941135249,0.0185749539,0.990386016,0.0349316997
2,3,75,50,0.9914505957,0.0284619548,0.9882010197,0.0365694383
2,4,75,50,0.994253679,0.0189590855,0.9892206846,0.0362013823
3,0,75,50,0.993736952,0.0205732724,0.9860601614,0.0445923435
3,1,75,50,0.9941544885,0.0186629766,0.9873807777,0.0439874464
3,2,75,50,0.995546277,0.0175359033,0.9854732208,0.0453390997
3,3,75,50,0.9951287404,0.0177899483,0.9875275128,0.0382717067
3,4,75,50,0.9944328462,0.0177973311,0.9854732208,0.0467851525
0,0,75,75,0.99485754,0.0204206943,0.9870683321,0.0423737728
0,1,75,75,0.9954134816,0.0178609893,0.9876561352,0.0435127571
0,2,75,75,0.9954134816,0.018281851,0.9863335783,0.0423460828
0,3,75,75,0.9944405837,0.0195785301,0.9857457752,0.0435194941
0,4,75,75,0.9941626129,0.0194012327,0.983247612,0.0545212458
1,0,75,75,0.9945863409,0.0193594122,0.9873454974,0.0393873008
1,1,75,75,0.9931982232,0.0237679321,0.9849911713,0.0481575822
1,2,75,75,0.9940310938,0.0233843801,0.9854326075,0.0467757029
1,3,75,75,0.9941699056,0.0227086553,0.9864626251,0.0422995009
1,4,75,75,0.9940310938,0.023629626,0.9870512066,0.0453143295
2,0,75,75,0.9949544499,0.019202703,0.9896576839,0.0344920928
2,1,75,75,0.9941135249,0.0182660223,0.9902403496,0.0353241378
2,2,75,75,0.9943938332,0.0173481191,0.9893663511,0.0319635306
2,3,75,75,0.9927119832,0.0206273785,0.9886380189,0.0358433012
2,4,75,75,0.9945339874,0.0160847575,0.9882010197,0.0410262845
3,0,75,75,0.9947112039,0.0200335639,0.9865003668,0.0436733456
3,1,75,75,0.9949895616,0.0180660536,0.9851797506,0.0465374629
3,2,75,75,0.9947112039,0.0174092272,0.9885546588,0.0394746914
3,3,75,75,0.995546277,0.0166827956,0.9881144534,0.0374043437
3,4,75,75,0.9933194154,0.0227490923,0.9882611886,0.0414195517
0,0,75,100,0.9958304378,0.0191751618,0.984570169,0.0507170852
0,1,75,100,0.9954134816,0.0180618738,0.9841293167,0.054788906
0,2,75,100,0.99485754,0.0197088624,0.9861866275,0.0431017405
0,3,75,100,0.9951355108,0.0182410402,0.9872152829,0.0381136926
0,4,75,100,0.995552467,0.0189942717,0.9848640705,0.0458192145
1,0,75,100,0.9943087174,0.020837894,0.9854326075,0.0471610801
1,1,75,100,0.9929205997,0.0240685365,0.9867569159,0.0415896831
1,2,75,100,0.993337035,0.0235820973,0.9855797528,0.0474002046
1,3,75,100,0.9931982232,0.0253416383,0.9869040612,0.0428592969
1,4,75,100,0.9938922821,0.0238859731,0.9867569158,0.0411907848
2,0,75,100,0.9938332165,0.0175941872,0.9882010197,0.0387400212
2,1,75,100,0.9932725999,0.0213590574,0.9909686817,0.034262993
2,2,75,100,0.9922915207,0.0261315959,0.9902403496,0.0334362665
2,3,75,100,0.9938332165,0.0210425762,0.9893663511,0.0370922273
2,4,75,100,0.9939733707,0.0187789447,0.990386016,0.0357991384
3,0,75,100,0.9944328462,0.0184014548,0.9882611886,0.0387692762
3,1,75,100,0.9951287404,0.0171962214,0.9882611886,0.0418924935
3,2,75,100,0.9942936674,0.0200463828,0.987674248,0.0435887766
3,3,75,100,0.9945720251,0.0180313203,0.9860601614,0.0448692434
3,4,75,100,0.9949895616,0.0180234141,0.9853264857,0.0420190556
0,0,80,25,0.9947185546,0.0194144019,0.9855988244,0.0462830044
0,1,80,25,0.9937456567,0.0197206128,0.9850110213,0.0446296606
0,2,80,25,0.9954134816,0.0170312889,0.9851579721,0.0467102104
0,3,80,25,0.9936066713,0.0210686147,0.982659809,0.053563209
0,4,80,25,0.9954134816,0.0175779872,0.9860396767,0.0454539377
1,0,80,25,0.9943087174,0.0214464242,0.9864626251,0.043557912
1,1,80,25,0.993337035,0.0226666923,0.9861683343,0.0461336631
1,2,80,25,0.9943087174,0.0220788133,0.9849911713,0.0488591415
1,3,80,25,0.9938922821,0.022773752,0.9842554444,0.0476553373
1,4,80,25,0.9929205997,0.0241853788,0.9854326075,0.0512166786
2,0,80,25,0.994253679,0.0191345158,0.9871813547,0.041789368
2,1,80,25,0.9941135249,0.0184384618,0.9874726875,0.0415981038
2,2,80,25,0.9945339874,0.0162450063,0.9887836854,0.0341297076
2,3,80,25,0.9949544499,0.0185722025,0.9879096868,0.0402798546
2,4,80,25,0.9946741416,0.0171685636,0.9871813547,0.0411879404
3,0,80,25,0.9934585943,0.0241599926,0.9863536317,0.0450296921
3,1,80,25,0.9949895616,0.0168450026,0.9878209831,0.0374817595
3,2,80,25,0.9940153097,0.0187310334,0.9859134263,0.0458816565
3,3,80,25,0.9944328462,0.0168673728,0.9859134263,0.0417103991
3,4,80,25,0.9944328462,0.0192419358,0.9862068966,0.0442216303
4,0,80,25,0.9949459497,0.0209360535,0.988657845,0.0362564445
4,1,80,25,0.9907342412,0.030975068,0.9860404246,0.0448201144
4,2,80,25,0.9938228275,0.0223499673,0.9860404246,0.0459637711
4,3,80,25,0.9949459497,0.0190260518,0.9898211429,0.0365804356
4,4,80,25,0.99508634,0.0183564243,0.9863312491,0.0473931324
0,0,80,50,0.9936066713,0.0213400596,0.9863335783,0.0427191573
0,1,80,50,0.9949965254,0.0190059262,0.9844232182,0.0476757043
0,2,80,50,0.9951355108,0.0186137647,0.9850110213,0.0477151748
0,3,80,50,0.9947185546,0.021455621,0.9828067597,0.051408599
0,4,80,50,0.995552467,0.0179432299,0.9822189566,0.059049517
1,0,80,50,0.9930594114,0.0240227824,0.9863154797,0.0423930845
1,1,80,50,0.9943087174,0.0210779873,0.9864626251,0.0416445726
1,2,80,50,0.9943087174,0.0220298887,0.9869040612,0.0462598893
1,3,80,50,0.9938922821,0.0235801633,0.9861683343,0.0479741995
1,4,80,50,0.9941699056,0.0198498352,0.9864626251,0.0429143803
2,0,80,50,0.9931324457,0.0204497616,0.9873270211,0.0438594196
2,1,80,50,0.9950946041,0.0173313706,0.9886380189,0.0350817927
2,2,80,50,0.9950946041,0.016112086,0.9892206846,0.0376045102
2,3,80,50,0.994253679,0.0200114344,0.9893663511,0.0389123011
2,4,80,50,0.9941135249,0.0214949423,0.9893663511,0.0331828657
3,0,80,50,0.9952679193,0.0192860897,0.9881144534,0.0403416546
3,1,80,50,0.9944328462,0.0192646184,0.9869405723,0.0423017096
3,2,80,50,0.9941544885,0.0191265187,0.9869405723,0.0456459951
3,3,80,50,0.9954070981,0.0168769832,0.987674248,0.0412799738
3,4,80,50,0.9952679193,0.0171337361,0.9873807777,0.0403301936
4,0,80,50,0.99508634,0.0190681382,0.9864766613,0.0440249365
4,1,80,50,0.9956479012,0.0192542423,0.9872037226,0.0426238949
4,2,80,50,0.9935420469,0.0215647825,0.9866220736,0.041772379
4,3,80,50,0.9943843886,0.0188435954,0.9877853715,0.039020052
4,4,80,50,0.9936824372,0.0221350522,0.9842954777,0.0499494349
0,0,80,75,0.9949965254,0.0180172971,0.9861866275,0.0433108489
0,1,80,75,0.9947185546,0.0194511512,0.9829537105,0.0505879025
0,2,80,75,0.9940236275,0.0189168658,0.9873622337,0.040771879
0,3,80,75,0.9945795691,0.0187781148,0.9848640705,0.0489589332
0,4,80,75,0.9949965254,0.0173488236,0.9875091844,0.0414952078
1,0,80,75,0.9947251527,0.021116941,0.9839611536,0.0513689488
1,1,80,75,0.9938922821,0.0243645876,0.9858740436,0.0494228981
1,2,80,75,0.9937534703,0.0242752699,0.9858740436,0.0482478757
1,3,80,75,0.9948639645,0.0212807708,0.9867569159,0.0469111381
1,4,80,75,0.9938922821,0.0227636327,0.986021189,0.0419537699
2,0,80,75,0.9929922915,0.0222227879,0.9908230153,0.0326115024
2,1,80,75,0.9927119832,0.0228002172,0.9871813547,0.0456082676
2,2,80,75,0.9928521374,0.0253838603,0.9880553532,0.0429164888
2,3,80,75,0.994253679,0.0184545854,0.9889293518,0.0378595942
2,4,80,75,0.9904695165,0.0266800092,0.9884923525,0.0356473137
3,0,80,75,0.9949895616,0.0164661706,0.9863536316,0.047353263
3,1,80,75,0.9942936674,0.0195359349,0.9857666911,0.044385438
3,2,80,75,0.9947112039,0.0198036205,0.9851797506,0.0503980349
3,3,80,75,0.9908141962,0.0302312241,0.9859134261,0.047375201
3,4,80,75,0.9947112039,0.0181349501,0.9831254584,0.0558337509
4,0,80,75,0.994103608,0.0205175707,0.9860404246,0.0447508983
4,1,80,75,0.9953671206,0.0186138883,0.9872037226,0.0408539778
4,2,80,75,0.9908746315,0.0311113657,0.9882216083,0.0383259222
4,3,80,75,0.99508634,0.0208659611,0.9876399593,0.0391969468
4,4,80,75,0.9943843886,0.0210880471,0.9863312491,0.0458762565
0,0,80,100,0.99485754,0.0189693425,0.9858927259,0.0444092625
0,1,80,100,0.9947185546,0.0181995179,0.9863335783,0.043048698
0,2,80,100,0.995552467,0.0173855194,0.9869213813,0.044421772
0,3,80,100,0.9941626129,0.0208791898,0.9844232182,0.0485242469
0,4,80,100,0.9951355108,0.0175749677,0.9857457752,0.0453505549
1,0,80,100,0.9943087174,0.0251872308,0.9866097705,0.0470892124
1,1,80,100,0.9937534703,0.024011709,0.9861683343,0.0462412586
1,2,80,100,0.9938922821,0.0216915682,0.9874926428,0.0430475374
1,3,80,100,0.9943087174,0.0232705561,0.9876397881,0.0429403198
1,4,80,100,0.9945863409,0.019597745,0.9866097705,0.0427460785
2,0,80,100,0.9935529082,0.0222837752,0.9899490168,0.0346655805
2,1,80,100,0.9936930624,0.0193877482,0.9877640204,0.039720759
2,2,80,100,0.9945339874,0.0182893364,0.9893663511,0.0337152402
2,3,80,100,0.993412754,0.0228680796,0.9895120175,0.0368309246
2,4,80,100,0.9943938332,0.0179821859,0.9883466861,0.0387957707
3,0,80,100,0.9949895616,0.0189084842,0.9854732208,0.0427091586
3,1,80,100,0.9951287404,0.0159201209,0.9878209831,0.0414998772
3,2,80,100,0.9945720251,0.0175091595,0.9872340426,0.0455397047
3,3,80,100,0.9948503827,0.0179412501,0.9870873073,0.042312357
3,4,80,100,0.9945720251,0.0188103431,0.9829787233,0.0556965265
4,0,80,100,0.994103608,0.0219186195,0.9834230042,0.0542614013
4,1,80,100,0.9945247789,0.0196191861,0.9864766613,0.0454855747
4,2,80,100,0.9936824372,0.0202014769,0.9856041879,0.0452934697
4,3,80,100,0.9935420469,0.0215368049,0.9853133634,0.0498485262
4,4,80,100,0.9928400955,0.0234551622,0.9879307838,0.0395491519
0,0,85,25,0.9951355108,0.0187168278,0.9839823659,0.0505340756
0,1,85,25,0.9949965254,0.0193073054,0.9850110213,0.0450524654
0,2,85,25,0.9954134816,0.0183836433,0.9810433505,0.0583357126
0,3,85,25,0.9945795691,0.0198314511,0.9807494489,0.0607177314
0,4,85,25,0.9954134816,0.0183816406,0.9836884644,0.0542445379
1,0,85,25,0.9943087174,0.0222294024,0.9832254268,0.0540415206
1,1,85,25,0.9941699056,0.0233293591,0.984108299,0.0525798538
1,2,85,25,0.9936146585,0.022605999,0.986021189,0.0512824265
1,3,85,25,0.9944475292,0.0227282534,0.9827839906,0.0615249038
1,4,85,25,0.9941699056,0.0221145563,0.9844025898,0.050329887
2,0,85,25,0.9946741416,0.0176004272,0.9873270211,0.0381865329
2,1,85,25,0.9945339874,0.0176623018,0.9887836854,0.0355762123
2,2,85,25,0.991030133,0.0301063942,0.9858703569,0.0470178097
2,3,85,25,0.994253679,0.0181932393,0.9874726875,0.0418940578
2,4,85,25,0.9941135249,0.0220135386,0.9884923525,0.036875791
3,0,85,25,0.9931802366,0.0225616449,0.982538518,0.0562822987
3,1,85,25,0.995546277,0.016789031,0.9848862803,0.0467596894
3,2,85,25,0.9910925539,0.0316414753,0.9841526045,0.0504839014
3,3,85,25,0.9951287404,0.0177660007,0.9860601614,0.0452736195
3,4,85,25,0.9929018789,0.0221154849,0.9847395451,0.0519943924
4,0,85,25,0.9946651692,0.0192799692,0.9864766613,0.0448598747
4,1,85,25,0.9943843886,0.0198685059,0.9861858368,0.0455905717
4,2,85,25,0.9948055595,0.0201409584,0.9860404246,0.0429090717
4,3,85,25,0.994103608,0.0199489948,0.9872037226,0.0406417861
4,4,85,25,0.9943843886,0.0216093578,0.9841500654,0.0511250489
0,0,85,50,0.99485754,0.0187746289,0.9858927259,0.0432818088
0,1,85,50,0.9949965254,0.0190132808,0.9811903012,0.0623904392
0,2,85,50,0.9915218902,0.0286453141,0.9836884644,0.0499389595
0,3,85,50,0.9947185546,0.0198741221,0.9828067597,0.055943657
0,4,85,50,0.9944405837,0.0193735676,0.983247612,0.051786395
1,0,85,50,0.9934758468,0.0234561893,0.9830782813,0.0586167528
1,1,85,50,0.9934758468,0.0215233802,0.9857268982,0.0487407268
1,2,85,50,0.9943087174,0.02169483,0.9845497351,0.0533174343
1,3,85,50,0.9941699056,0.0212631439,0.982931136,0.0570661908
1,4,85,50,0.9937534703,0.0254739497,0.984108299,0.0505289611
2,0,85,50,0.9943938332,0.0172381728,0.9857246905,0.0464803876
2,1,85,50,0.9939733707,0.0175458622,0.9870356883,0.0436722356
2,2,85,50,0.9941135249,0.0215750728,0.9895120175,0.034800553
2,3,85,50,0.9946741416,0.015600956,0.9893663511,0.0352325988
2,4,85,50,0.994253679,0.0184216044,0.9884923525,0.0397674636
3,0,85,50,0.9844119694,0.0574466529,0.986793837,0.0409708291
3,1,85,50,0.9949895616,0.0190173926,0.9853264857,0.0443921403
3,2,85,50,0.9951287404,0.0176291131,0.9847395451,0.0523766774
3,3,85,50,0.995546277,0.016420958,0.986647102,0.0437911582
3,4,85,50,0.9947112039,0.0184703413,0.9834189288,0.0525934728
4,0,85,50,0.9918573635,0.0284903009,0.9888032572,0.0386772049
4,1,85,50,0.9939632177,0.0207961707,0.9860404246,0.0471368434
4,2,85,50,0.9936824372,0.0201365031,0.9853133634,0.0477658152
4,3,85,50,0.9924189246,0.0275291444,0.9867674858,0.0440249442
4,4,85,50,0.9946651692,0.0219115093,0.9879307838,0.040608411
0,0,85,75,0.9952744962,0.0171793471,0.9836884644,0.0517229243
0,1,85,75,0.9945795691,0.0207891964,0.9792799412,0.0615753841
0,2,85,75,0.9945795691,0.0189282659,0.9828067597,0.0576580609
0,3,85,75,0.9944405837,0.0178437927,0.9844232182,0.0488034561
0,4,85,75,0.9940236275,0.0210098774,0.9807494489,0.0665407165
1,0,85,75,0.9945863409,0.0195568436,0.9835197175,0.0544896287
1,1,85,75,0.9947251527,0.0215275556,0.984108299,0.0533307431
1,2,85,75,0.9944475292,0.0208843418,0.9869040612,0.0449648486
1,3,85,75,0.9943087174,0.0200518145,0.9849911713,0.0502160307
2,0,85,75,0.9950946041,0.0174584154,0.9854333576,0.0485093805
2,1,85,75,0.9935529082,0.0207566439,0.9864530226,0.0439888685
2,2,85,75,0.9949544499,0.0179200208,0.9884923525,0.037621079
2,3,85,75,0.9941135249,0.0182253357,0.9864530226,0.0431490761
2,4,85,75,0.9948142957,0.0166557787,0.9873270211,0.0407561212
3,0,85,75,0.9944328462,0.018401125,0.9850330154,0.0481933278
3,1,85,75,0.9949895616,0.018389074,0.9854732208,0.0479211428
3,2,85,75,0.9947112039,0.0203274159,0.9844460748,0.0497443342
3,3,85,75,0.9952679193,0.0176059176,0.9862068966,0.0460978914
3,4,85,75,0.9938761308,0.0207823529,0.9829787234,0.0553685349
4,0,85,75,0.994103608,0.0219141138,0.9834230042,0.0527098848
4,1,85,75,0.9948055595,0.0177843752,0.9848771267,0.0484230633
4,2,85,75,0.9929804858,0.0242828414,0.987494547,0.0397273314
4,3,85,75,0.9946651692,0.0189648237,0.9838592409,0.0500988742
4,4,85,75,0.9942439983,0.022258454,0.9847317144,0.0464205952
0,0,85,100,0.9945795691,0.0201618949,0.9831006613,0.0572947472
0,1,85,100,0.9940236275,0.022468187,0.9829537105,0.0542584789
0,2,85,100,0.9961084086,0.0174699366,0.9842762675,0.0531231645
0,3,85,100,0.9944405837,0.0200178634,0.9829537105,0.0558321983
0,4,85,100,0.9949965254,0.0190379803,0.9844232182,0.0474772832
2,0,85,100,0.9936930624,0.0188703821,0.9887836854,0.0382501583
2,1,85,100,0.9939733707,0.0210730784,0.9868900218,0.0441182269
2,2,85,100,0.9938332165,0.0186696491,0.9864530226,0.0473149456
2,3,85,100,0.9927119832,0.0246121454,0.9867443554,0.0451528671
2,4,85,100,0.9946741416,0.0176110337,0.9852876912,0.0486037144
3,0,85,100,0.9944328462,0.0210444915,0.9853264857,0.0514064014
3,1,85,100,0.9931802366,0.0241002796,0.9837123991,0.0545652932
3,2,85,100,0.9940153097,0.0181245161,0.9822450477,0.0591957371
3,3,85,100,0.9934585943,0.0230301294,0.9825385178,0.0599235567
3,4,85,100,0.9951287404,0.0189146656,0.9842993397,0.0536746408
3,0,85,100,0.9948503827,0.0194024622,0.985619956,0.0506508839
4,0,85,100,0.9946651692,0.0228002177,0.9867674858,0.0441615848
4,1,85,100,0.9936824372,0.0241425071,0.9822597063,0.0545947625
4,2,85,100,0.99508634,0.0198052988,0.9848771267,0.0507397101
4,3,85,100,0.9936824372,0.0221044402,0.9848771267,0.0468542063
4,4,85,100,0.9942439983,0.0208388395,0.9863312491,0.0436995653
0,0,90,25,0.9961084086,0.0179881545,0.9825128582,0.0582949379
0,1,90,25,0.9951355108,0.0182345935,0.9797207935,0.0658518758
0,2,90,25,0.9944405837,0.0211300815,0.9807494489,0.0601518569
0,3,90,25,0.9947185546,0.019553518,0.9772226304,0.0725801576
0,4,90,25,0.9944405837,0.0191991592,0.9825128582,0.0543345768
1,0,90,25,0.9940310938,0.0248466598,0.9842554444,0.0556275807
1,1,90,25,0.9937534703,0.0216526312,0.985285462,0.0526129982
1,2,90,25,0.9940310938,0.0229878629,0.9742495586,0.0853650369
1,3,90,25,0.9943087174,0.0225303969,0.9842554444,0.0558742552
1,4,90,25,0.9927817879,0.0255297229,0.9817539729,0.0623809289
2,0,90,25,0.9953749124,0.0181721521,0.9867443554,0.0432546731
2,1,90,25,0.9936930624,0.0185974015,0.9877640204,0.037675049
2,2,90,25,0.9948142957,0.0184911029,0.9861616897,0.0460417652
2,3,90,25,0.9950946041,0.0164864007,0.9848506919,0.0442837295
2,4,90,25,0.9946741416,0.0185057745,0.9849963583,0.0466129888
3,0,90,25,0.9941544885,0.0199998324,0.980484226,0.0606035562
3,1,90,25,0.9938761308,0.01948777,0.9813646368,0.0581552059
3,0,90,25,0.9947112039,0.0170323123,0.9820983124,0.0593905612
3,1,90,25,0.9948503827,0.0178070696,0.9807776963,0.0623810547
3,2,90,25,0.9949895616,0.0182012364,0.9831254585,0.0509545508
4,0,90,25,0.9946651692,0.0191955814,0.9812418206,0.0612234782
4,1,90,25,0.99508634,0.0185532028,0.9870583103,0.0409869915
4,2,90,25,0.9942439983,0.019589306,0.9822597063,0.0565766174
4,3,90,25,0.9946651692,0.0192533597,0.9799331104,0.06337605
4,4,90,25,0.9945247789,0.0209998884,0.9866220736,0.0440228792
0,0,90,50,0.9949965254,0.0189399047,0.9798677443,0.0645046621
0,1,90,50,0.9944405837,0.0204619249,0.9811903012,0.0626306814
0,2,90,50,0.9931897151,0.0230140028,0.9800146951,0.0648558038
0,3,90,50,0.9949965254,0.019795649,0.979426892,0.0675390242
0,4,90,50,0.9945795691,0.0203047467,0.9817781043,0.059807911
1,0,90,50,0.9940310938,0.0233942768,0.9813125368,0.0625138636
1,1,90,50,0.9934758468,0.0237402669,0.9770453208,0.0737804365
1,2,90,50,0.9936146585,0.0269151967,0.9830782814,0.05668943
1,3,90,50,0.9944475292,0.022545078,0.9819011183,0.0618780517
1,4,90,50,0.9938922821,0.0226691243,0.9804296645,0.0645564891
2,0,90,50,0.9941135249,0.0190153334,0.9863073562,0.0500070562
2,1,90,50,0.9938332165,0.0201494355,0.9820830299,0.0546116584
2,2,90,50,0.9938332165,0.0186325752,0.9854333576,0.049611006
2,3,90,50,0.9931324457,0.0227207277,0.9836853605,0.050251398
2,4,90,50,0.9924316748,0.026231714,0.9847050255,0.052580897
3,0,90,50,0.9949895616,0.019417465,0.982538518,0.0566181868
3,1,90,50,0.9944328462,0.0186579973,0.9769625825,0.0731806274
3,2,90,50,0.9949895616,0.0178303945,0.98459281,0.050874045
3,3,90,50,0.9924843424,0.0227773374,0.9842993397,0.0534099104
3,4,90,50,0.9944328462,0.0204631335,0.9798972853,0.063023507
4,0,90,50,0.9948055595,0.019065552,0.9837138287,0.0571963567
4,1,90,50,0.9939632177,0.0243343471,0.9856041879,0.0473647282
4,2,90,50,0.9932612663,0.0236102397,0.9850225389,0.0524733544
4,3,90,50,0.9945247789,0.0185533796,0.9819688818,0.0550815193
4,4,90,50,0.9946651692,0.01943457,0.9842954777,0.0517432183
0,0,90,75,0.9944405837,0.019641669,0.9829537105,0.0604614837
0,1,90,75,0.9959694232,0.0169834926,0.9801616458,0.0631287046
0,2,90,75,0.991799861,0.029291987,0.9786921381,0.0679757097
0,3,90,75,0.9936066713,0.0236271037,0.9823659074,0.060687781
0,4,90,75,0.9952744962,0.018600379,0.9820720059,0.0618233767
1,0,90,75,0.9940310938,0.0221336997,0.9830782813,0.0561747333
1,1,90,75,0.9945863409,0.0203230502,0.9799882284,0.0663697592
1,2,90,75,0.9940310938,0.0247412358,0.9827839906,0.0589070225
1,3,90,75,0.9941699056,0.0217972208,0.9842554444,0.0531378881
1,4,90,75,0.9936146585,0.0244920991,0.9851383167,0.0495649176
2,0,90,75,0.9941135249,0.0191923043,0.9836853605,0.0560726066
2,1,90,75,0.9938332165,0.0214836627,0.985579024,0.0464405452
2,2,90,75,0.9949544499,0.017499246,0.9852876912,0.0445745026
2,3,90,75,0.9936930624,0.0191208883,0.9874726875,0.0493042593
2,4,90,75,0.9946741416,0.0176602233,0.9863073562,0.0480201184
3,0,90,75,0.9941544885,0.0188403768,0.9822450477,0.0542397263
3,1,90,75,0.9948503827,0.0174234465,0.9841526045,0.0534439384
3,2,90,75,0.9951287404,0.0192674688,0.9787234041,0.072678179
3,3,90,75,0.9961029923,0.0168374822,0.9800440204,0.067983038
3,4,90,75,0.9922059847,0.026014744,0.9813646367,0.0564376383
4,0,90,75,0.9936824372,0.0241394259,0.9840046532,0.0516637966
4,1,90,75,0.994103608,0.0224896857,0.9841500654,0.0549360077
4,2,90,75,0.9943843886,0.0203477627,0.9803693471,0.0654434566
4,3,90,75,0.9945247789,0.0216091193,0.9819688818,0.061254694
4,4,90,75,0.99508634,0.0199724871,0.9845863022,0.0536340954
0,0,90,100,0.9947185546,0.0191869715,0.9828067597,0.0549505473
0,1,90,100,0.9931897151,0.0233958507,0.9778104335,0.0699922087
0,2,90,100,0.9944405837,0.0201399916,0.9801616458,0.0625758604
0,3,90,100,0.9949965254,0.0197710882,0.9831006613,0.0527002453
0,4,90,100,0.9943015983,0.0220501864,0.9807494489,0.0632328661
1,0,90,100,0.9938922821,0.0233111647,0.9820482637,0.0594469283
1,1,90,100,0.9944475292,0.0214880157,0.9816068276,0.0577714883
1,2,90,100,0.9950027762,0.0201105899,0.9823425544,0.0602080831
1,3,90,100,0.9944475292,0.0228192026,0.9804296645,0.0647069871
1,4,90,100,0.9937534703,0.0226329464,0.9835197175,0.0588848214
2,0,90,100,0.9943938332,0.0180640986,0.9867443554,0.0419994911
2,1,90,100,0.9941135249,0.0192557789,0.9880553532,0.044011855
2,2,90,100,0.9949544499,0.0173508025,0.9883466861,0.0425966313
2,3,90,100,0.9936930624,0.0217041255,0.9867443554,0.0443128631
2,4,90,100,0.9943938332,0.0174580122,0.982811362,0.0544868543
3,0,90,100,0.9947112039,0.0186065289,0.9793103447,0.0638609472
3,1,90,100,0.9931802366,0.0203262055,0.980630961,0.0667064775
3,2,90,100,0.9956854558,0.017256681,0.9815113718,0.0658281224
3,3,90,100,0.9940153097,0.0187314224,0.9798972854,0.0638462316
3,4,90,100,0.9945720251,0.0177733832,0.97945708,0.0683875482
4,0,90,100,0.9945247789,0.0201960114,0.9869128981,0.0429017554
4,1,90,100,0.9945247789,0.020394868,0.9837138287,0.0508895587
4,2,90,100,0.9943843886,0.0189024709,0.9854587756,0.0498271374
4,3,90,100,0.9949459497,0.0208179002,0.9810964083,0.0615716556
4,4,90,100,0.9945247789,0.0199963188,0.9837138287,0.0548610824
0,0,95,25,0.995552467,0.0164181765,0.9797207935,0.0634961995
0,1,95,25,0.99485754,0.0190813054,0.9766348273,0.077945975
0,2,95,25,0.9949965254,0.0182424863,0.9647318148,0.105794656
0,3,95,25,0.99485754,0.018193936,0.9735488611,0.0831432334
0,4,95,25,0.9956914524,0.0174487629,0.9741366642,0.0886927512
1,0,95,25,0.9944475292,0.0211157312,0.9779281931,0.0728671418
1,1,95,25,0.9947251527,0.0205796034,0.9813125368,0.0640506396
1,2,95,25,0.9943087174,0.0224624353,0.9796939376,0.0639328904
1,3,95,25,0.9936146585,0.0220954802,0.9661565627,0.1092109688
1,4,95,25,0.9934758468,0.0254276768,0.9757210124,0.0786738312
2,0,95,25,0.994253679,0.0161022096,0.9798980335,0.0602030157
2,1,95,25,0.9945339874,0.0174089708,0.9778587036,0.0713872702
2,2,95,25,0.9943938332,0.0165630672,0.9759650401,0.0745923869
2,3,95,25,0.9935529082,0.0200532889,0.9801893664,0.0673079415
2,4,95,25,0.9931324457,0.0211573073,0.9839766934,0.0506432849
3,0,95,25,0.9942936674,0.0194596363,0.9741746148,0.0791878367
3,1,95,25,0.9951287404,0.0165171571,0.9766691123,0.0748995228
3,2,95,25,0.993736952,0.0217364343,0.9787234043,0.0634427385
3,3,95,25,0.9948503827,0.0187607737,0.9700660308,0.0884869464
3,4,95,25,0.9927627001,0.0245900874,0.9722670578,0.0893971817
4,0,95,25,0.9928400955,0.0241634219,0.9808055838,0.0581688622
4,1,95,25,0.9936824372,0.0247886778,0.9781881634,0.0698520145
4,2,95,25,0.9925593149,0.0238958857,0.9792060491,0.0651173455
4,3,95,25,0.99508634,0.0199333181,0.9768794532,0.0742548063
4,4,95,25,0.9938228275,0.0198069882,0.9800785226,0.0635896728
0,0,95,50,0.99485754,0.0195586749,0.9694342395,0.0973347316
0,1,95,50,0.9945795691,0.0198709524,0.9675238795,0.10435335
0,2,95,50,0.9949965254,0.0184929406,0.9810433505,0.063790624
0,3,95,50,0.9941626129,0.019757342,0.9704628949,0.0903217671
0,4,95,50,0.9936066713,0.0215777723,0.9789860397,0.0683738835
1,0,95,50,0.9954192115,0.0200807682,0.972483814,0.1003516999
1,1,95,50,0.9943087174,0.0237985209,0.9795467922,0.0701108279
1,2,95,50,0.9943087174,0.0213969059,0.9739552678,0.0823245585
1,3,95,50,0.9940310938,0.0214349984,0.9754267216,0.0792768876
1,4,95,50,0.9940310938,0.0221590938,0.9760153031,0.0780079483
2,0,95,50,0.9935529082,0.018876739,0.9784413693,0.0695747223
2,1,95,50,0.9949544499,0.018296289,0.9796067007,0.063731134
2,2,95,50,0.9938332165,0.0220059676,0.9764020393,0.0772549994
2,3,95,50,0.994253679,0.0185531251,0.9791697014,0.0667917353
2,4,95,50,0.9946741416,0.018369018,0.9793153678,0.0691720257
3,0,95,50,0.9949895616,0.0183306258,0.9672780631,0.1072395036
3,1,95,50,0.9944328462,0.018249147,0.9776962581,0.0734646656
3,2,95,50,0.9947112039,0.0194219157,0.9719735875,0.0853029282
3,3,95,50,0.9944328462,0.0194936738,0.974468085,0.0808694913
3,4,95,50,0.9949895616,0.0186216746,0.9643433602,0.1078306851
4,0,95,50,0.9938228275,0.0201043134,0.963646939,0.109286193
4,1,95,50,0.9935420469,0.0227779778,0.976152392,0.0730065279
4,2,95,50,0.99508634,0.0207811235,0.9790606368,0.0675210721
4,3,95,50,0.9942439983,0.022935908,0.9746982695,0.0822186321
4,4,95,50,0.9942439983,0.0210711876,0.9752799186,0.0780983798
0,0,95,75,0.9949965254,0.0185208363,0.9766348273,0.0757431439
0,1,95,75,0.9952744962,0.0199490074,0.9703159442,0.1057746605
0,2,95,75,0.9958304378,0.0179383102,0.9686994857,0.0988803822
0,3,95,75,0.9951355108,0.0191898679,0.9669360764,0.1097211415
0,4,95,75,0.9952744962,0.01847835,0.9754592212,0.0794674077
1,0,95,75,0.993337035,0.0247018101,0.9757210124,0.0802099592
1,1,95,75,0.9940310938,0.0238953922,0.9668922896,0.1096603897
1,2,95,75,0.9930594114,0.0247190471,0.9743967039,0.0817778727
1,3,95,75,0.9944475292,0.0224918164,0.9689523249,0.0985210043
1,4,95,75,0.993337035,0.023847558,0.9727781048,0.0817397796
2,0,95,75,0.9953749124,0.017874936,0.9761107065,0.0734470564
2,1,95,75,0.9939733707,0.0198639357,0.9761107065,0.074794424
2,2,95,75,0.9929922915,0.0256412671,0.9686817189,0.0947605289
2,3,95,75,0.9956552207,0.0155081165,0.979024035,0.0680449118
2,4,95,75,0.9956552207,0.0156221275,0.97800437,0.0697676951
3,0,95,75,0.9954070981,0.016365674,0.9730007337,0.0816582258
3,1,95,75,0.9951287404,0.017601183,0.9760821715,0.0771561076
3,2,95,75,0.9947112039,0.0174644388,0.9826852531,0.0611851804
3,3,95,75,0.9931802366,0.0239448462,0.973440939,0.085580473
3,4,95,75,0.9947112039,0.0187312519,0.975495231,0.0838175631
4,0,95,75,0.9942439983,0.0213968104,0.9770248654,0.0678620144
4,1,95,75,0.9943843886,0.0194207687,0.9696088412,0.0935748288
4,2,95,75,0.9952267303,0.0187144384,0.9773156899,0.0761653515
4,3,95,75,0.994103608,0.0223437461,0.969027192,0.1040882782
4,4,95,75,0.9939632177,0.0217449666,0.9776065145,0.0724652511
0,0,95,100,0.9945795691,0.0192692437,0.9788390889,0.0747340622
0,1,95,100,0.9945795691,0.0187593885,0.9685525349,0.1016752773
0,2,95,100,0.9938846421,0.0222512182,0.9706098457,0.0939856655
0,3,95,100,0.9943015983,0.019791457,0.9709037472,0.090479972
0,4,95,100,0.9941626129,0.0218330081,0.9713445996,0.0906272447
1,0,95,100,0.9938922821,0.0221527567,0.9708652149,0.0926816711
1,1,95,100,0.9947251527,0.0224451383,0.9782224838,0.0780766519
1,2,95,100,0.9940310938,0.0211103488,0.9711595056,0.0938762349
1,3,95,100,0.9954192115,0.0210015998,0.9746909947,0.0869671048
1,4,95,100,0.9945863409,0.0214558365,0.9720423779,0.0858870772
2,0,95,100,0.9941135249,0.0198965137,0.9781500364,0.07015621
2,1,95,100,0.994253679,0.0181540833,0.9678077203,0.1013974859
2,2,95,100,0.9939733707,0.0187424148,0.9825200291,0.0565937698
2,3,95,100,0.9946741416,0.0185946821,0.9798980335,0.0656885577
2,4,95,100,0.9948142957,0.0170922654,0.9800436999,0.0664832525
3,0,95,100,0.9890048713,0.0372091332,0.9721203228,0.0921568504
3,1,95,100,0.9952679193,0.0179388549,0.9776962581,0.0743840567
3,2,95,100,0.9956854558,0.0158859949,0.9721203227,0.0896927341
3,3,95,100,0.9941544885,0.0191010023,0.971386647,0.0894175487
3,4,95,100,0.9923451635,0.0260123257,0.9760821715,0.0771130832
4,0,95,100,0.994103608,0.0206183304,0.976734041,0.0790838388
4,1,95,100,0.9952267303,0.020369986,0.9703359022,0.0907113127
4,2,95,100,0.9943843886,0.0195659171,0.9787698123,0.0727849624
4,3,95,100,0.9942439983,0.0222224524,0.9745528573,0.0802016919
4,4,95,100,0.994103608,0.0212703693,0.9776065145,0.0741433844
0,0,99,25,0.9949965254,0.0190271342,0.936958119,0.1950548898
0,1,99,25,0.99485754,0.0171288865,0.9206465834,0.2594185005
0,2,99,25,0.9952744962,0.0186480865,0.9513592946,0.1549088708
0,3,99,25,0.9945795691,0.0195281633,0.9301983836,0.2193679984
0,4,99,25,0.99485754,0.0190145504,0.9219691403,0.2558009574
1,0,99,25,0.993337035,0.0246550625,0.9329017069,0.2089953445
1,1,99,25,0.9945863409,0.021026762,0.9193643319,0.2441352327
1,2,99,25,0.9940310938,0.0240517942,0.9380517951,0.1864058545
1,3,99,25,0.9950027762,0.0201442733,0.9143613891,0.303224343
1,4,99,25,0.9930594114,0.0277004332,0.9190700412,0.2554990697
2,0,99,25,0.9948142957,0.0162005071,0.937800437,0.1990550069
2,1,99,25,0.9948142957,0.0176587523,0.9018208303,0.349211003
2,2,99,25,0.9948142957,0.0175025698,0.9506190823,0.1566733786
2,3,99,25,0.994253679,0.0190727268,0.9299344501,0.2397352689
2,4,99,25,0.994253679,0.0185811627,0.9433357611,0.1791160683
3,0,99,25,0.9934585943,0.0214703124,0.9157740279,0.2561987726
3,1,99,25,0.9954070981,0.0185581068,0.9116654438,0.2878421981
3,2,99,25,0.9952679193,0.0174257293,0.9367571532,0.1956852553
3,3,99,25,0.9949895616,0.0191796048,0.9170946442,0.2529369045
3,4,99,25,0.9942936674,0.0191891663,0.87190022,0.4342486106
4,0,99,25,0.9948055595,0.018464132,0.9057728661,0.3150936817
4,1,99,25,0.9935420469,0.0243981535,0.9648102371,0.110996028
4,2,99,25,0.9945247789,0.0206387179,0.9329649556,0.1988977079
4,3,99,25,0.9949459497,0.0192768355,0.9515777228,0.1425587704
4,4,99,25,0.9949459497,0.0195730086,0.9408172168,0.1930934657
0,0,99,50,0.9949965254,0.0173499643,0.9040411462,0.313058319
0,1,99,50,0.9944405837,0.0200540291,0.9207935342,0.2458957655
0,2,99,50,0.9944405837,0.0186644751,0.9291697281,0.2184390728
0,3,99,50,0.9952744962,0.0180696114,0.9062454078,0.3001326636
0,4,99,50,0.9913829048,0.0279803345,0.8974283615,0.3263570305
1,0,99,50,0.9947251527,0.0213601659,0.9127427899,0.2809440037
1,1,99,50,0.9941699056,0.0218494114,0.9061212478,0.3135338355
1,2,99,50,0.9937534703,0.0222089184,0.9124484992,0.2562295782
1,3,99,50,0.9944475292,0.0209200826,0.8986168335,0.3268887169
1,4,99,50,0.9930594114,0.0276495821,0.9117127723,0.2735740045
2,0,99,50,0.9938332165,0.0203723066,0.9482884195,0.1509749722
2,1,99,50,0.9949544499,0.016072092,0.921631464,0.236032269
2,2,99,50,0.9946741416,0.0166028839,0.9309541151,0.2039009701
2,3,99,50,0.9941135249,0.019046803,0.9194464676,0.2675375977
2,4,99,50,0.9938332165,0.0187109247,0.9163874727,0.2511072772
3,0,99,50,0.9931802366,0.0240849161,0.9279530448,0.230959737
3,1,99,50,0.9864996521,0.047738089,0.8920029346,0.3282782776
3,2,99,50,0.9952679193,0.0178107198,0.9223771092,0.2546783761
3,3,99,50,0.9951287404,0.0191328278,0.8939104916,0.3718291487
3,4,99,50,0.9940153097,0.0230038563,0.8798239178,0.4295905882
4,0,99,50,0.9949459497,0.0198332747,0.9002472008,0.3365330786
4,1,99,50,0.9939632177,0.0216849803,0.9226406863,0.2604198935
4,2,99,50,0.9952267303,0.0178260283,0.9085356987,0.2797752878
4,3,99,50,0.9934016566,0.0238608393,0.9051912171,0.2791177814
4,4,99,50,0.9943843886,0.0208586932,0.9287480007,0.2316686218
0,0,99,75,0.9945795691,0.019936784,0.9138868479,0.2723415226
0,1,99,75,0.9947185546,0.0197052893,0.912564291,0.2546323179
0,2,99,75,0.9949965254,0.0176098342,0.891991183,0.4093541728
0,3,99,75,0.9937456567,0.0221740003,0.9115356356,0.2834782616
0,4,99,75,0.9952744962,0.017841486,0.8972814108,0.3405799998
1,0,99,75,0.9940310938,0.0228445736,0.8993525604,0.3259288117
1,1,99,75,0.9936146585,0.0247119182,0.8755150089,0.4490731999
1,2,99,75,0.9961132704,0.0193358641,0.8909652737,0.3553566829
1,3,99,75,0.9943087174,0.0221176931,0.9052383756,0.3014001163
1,4,99,75,0.9943087174,0.0218262,0.9033254856,0.3378746719
2,0,99,75,0.9932725999,0.0221770162,0.8935178442,0.3071170581
2,1,99,75,0.994253679,0.0190130683,0.9031318281,0.287254057
2,2,99,75,0.994253679,0.0181947534,0.9252731245,0.2346159611
2,3,99,75,0.9935529082,0.0218822811,0.8917698471,0.3102051502
2,4,99,75,0.9952347582,0.0143266099,0.9249817917,0.2446877444
3,0,99,75,0.9951287404,0.0179427353,0.8997798972,0.2957182526
3,1,99,75,0.9952679193,0.0183291732,0.9027146002,0.3248110704
3,2,99,75,0.9935977731,0.0189788841,0.9197358766,0.2545066518
3,3,99,75,0.9952679193,0.0159094604,0.9053558326,0.311025838
3,4,99,75,0.9948503827,0.0187695629,0.8849596477,0.356189864
4,0,99,75,0.9942439983,0.0214085558,0.8916678785,0.3561157848
4,1,99,75,0.9934016566,0.0222495256,0.9115893559,0.2702770562
4,2,99,75,0.9949459497,0.0195357516,0.9143521886,0.2842404675
4,3,99,75,0.9943843886,0.0189621725,0.9108622947,0.2678006664
4,4,99,75,0.9946651692,0.0206505763,0.9114439435,0.2736532413
4,0,99,75,0.9942439983,0.0213808994,0.9041733315,0.3120102256
0,0,99,100,0.9945795691,0.0201313178,0.919617928,0.2499196386
0,1,99,100,0.9945795691,0.0206096658,0.9103600294,0.2773989231
0,2,99,100,0.9949965254,0.0195587784,0.9357825129,0.2011727678
0,3,99,100,0.9949965254,0.0161086921,0.909331374,0.2836446381
0,4,99,100,0.9949965254,0.0188903563,0.9034533431,0.3125513144
1,0,99,100,0.9944475292,0.0218703799,0.8971453797,0.3477729424
1,1,99,100,0.9947251527,0.0224174935,0.9093584461,0.316114606
1,2,99,100,0.9936146585,0.0249431504,0.9078869924,0.2801182805
1,3,99,100,0.9945863409,0.0204327941,0.9149499706,0.257011083
1,4,99,100,0.9950027762,0.0214537137,0.8855208947,0.3620924207
2,0,99,100,0.9952347582,0.0175493707,0.9162418063,0.2621599256
2,1,99,100,0.9950946041,0.0159735194,0.910997815,0.2721338652
2,2,99,100,0.9938332165,0.0194253288,0.9283321195,0.2242022807
2,3,99,100,0.9932725999,0.0218980942,0.9313911144,0.2032471352
2,4,99,100,0.9941135249,0.0183643933,0.9213401311,0.2446498585
3,0,99,100,0.9902574809,0.0359389753,0.9065297139,0.2816880085
3,1,99,100,0.9947112039,0.0207080838,0.9034482757,0.3001239165
3,2,99,100,0.9933194154,0.0209951589,0.9192956712,0.2483915869
3,3,99,100,0.9956854558,0.0166109211,0.8972853999,0.2887164233
3,4,99,100,0.9947112039,0.0181335853,0.879090242,0.3647571657
4,0,99,100,0.99508634,0.0185492201,0.9043187436,0.3136722919
4,1,99,100,0.9946651692,0.0197957316,0.8894866948,0.340175554
4,2,99,100,0.9955075109,0.0182304574,0.9060636906,0.3093767312
4,3,99,100,0.9942439983,0.020287386,0.9278755272,0.2263183179
4,4,99,100,0.994103608,0.0209507375,0.9139159517,0.2619787553
0,0,100,25,0.99485754,0.0209179882,0.8121969141,1.6941204792
0,1,100,25,0.9943015983,0.020132652,0.8104335048,1.6698577955
0,2,100,25,0.9940236275,0.0241779197,0.8113152094,1.7249846695
0,3,100,25,0.995552467,0.0172904909,0.8120499633,1.6305296304
0,4,100,25,0.9941626129,0.0184677072,0.8123438648,1.6998114564
1,0,100,25,0.9934758468,0.0229545229,0.8028251913,1.7730652134
1,1,100,25,0.9941699056,0.0243107907,0.8023837551,1.8547542649
1,2,100,25,0.9927817879,0.025159204,0.8038552089,1.7969869044
1,3,100,25,0.9936146585,0.0214892069,0.8032666274,1.6798500751
1,4,100,25,0.9943087174,0.0198759819,0.803119482,1.5536995381
2,0,100,25,0.9943938332,0.0190515551,0.8113619811,1.902399075
2,1,100,25,0.9945339874,0.0190888218,0.8104879826,1.8314890124
2,2,100,25,0.9938332165,0.0198060474,0.8123816461,1.6605399766
2,3,100,25,0.9943938332,0.0169895971,0.8115076475,1.5801508261
2,4,100,25,0.9946741416,0.0167390923,0.8103423161,1.7956452892
3,0,100,25,0.9933194154,0.0211908594,0.8055759355,1.429165735
3,1,100,25,0.9947112039,0.0180281573,0.8058694057,1.4884569644
3,2,100,25,0.9945720251,0.0189370485,0.8054292003,1.6969481488
3,3,100,25,0.9945720251,0.0201126341,0.8066030815,2.1270001307
3,4,100,25,0.9944328462,0.0211059118,0.8067498166,1.7168346663
4,0,100,25,0.9925593149,0.0230385417,0.8105278464,1.8461412399
4,1,100,25,0.9948055595,0.0196814868,0.8111094954,1.8078570661
4,2,100,25,0.9949459497,0.0192199613,0.8112549076,1.6221246763
4,3,100,25,0.9948055595,0.0185139317,0.8108186709,1.7435855617
4,4,100,25,0.9938228275,0.022298389,0.8108186709,1.6743120526
0,0,100,50,0.9947185546,0.0218189794,0.8114621602,2.476778322
0,1,100,50,0.99485754,0.0187369706,0.8108743571,2.5344939981
0,2,100,50,0.9951355108,0.017896873,0.8111682587,2.4874461904
0,3,100,50,0.9941626129,0.0201418306,0.8114621602,2.2999332052
0,4,100,50,0.9951355108,0.019409375,0.8113152094,2.5702469573
1,0,100,50,0.9936146585,0.0226418236,0.8023837552,2.6257736881
1,1,100,50,0.9931982232,0.0255125677,0.8022366097,2.4598527136
1,2,100,50,0.9938922821,0.0213234798,0.801942319,2.6213195301
1,3,100,50,0.9940310938,0.0210832467,0.8013537375,2.6846429819
1,4,100,50,0.9938922821,0.0227362018,0.8023837551,2.6525490351
2,0,100,50,0.9935529082,0.0211958648,0.8115076475,2.5887852577
2,1,100,50,0.9946741416,0.0174668723,0.8101966497,2.5853972041
2,2,100,50,0.9950946041,0.0164012294,0.8109249818,2.4762629493
2,3,100,50,0.9949544499,0.0163537464,0.8120903132,2.3397363268
2,4,100,50,0.9932725999,0.0191722755,0.810633649,2.5425184798
3,0,100,50,0.9952679193,0.0185105989,0.8057226706,2.3161798316
3,1,100,50,0.9948503827,0.0201035776,0.8054292003,2.8177624502
3,2,100,50,0.9929018789,0.0201192173,0.8057226706,2.6637081082
3,3,100,50,0.9944328462,0.0193374473,0.8063096112,2.5622989352
3,4,100,50,0.9951287404,0.0179574879,0.8058694057,2.1935685726
4,0,100,50,0.9946651692,0.0203814793,0.8112549076,2.2487626648
4,1,100,50,0.9942439983,0.0202502763,0.8103824342,2.5017191747
4,2,100,50,0.9939632177,0.0215266664,0.8096553729,2.3728713824
4,3,100,50,0.9949459497,0.0190176405,0.8100916097,2.4199678663
4,4,100,50,0.9946651692,0.0209760208,0.8109640831,2.5769027304
0,0,100,75,0.995552467,0.0164244476,0.8111682587,2.7073742828
0,1,100,75,0.9958304378,0.017489658,0.8119030125,2.4165765317
0,2,100,75,0.9949965254,0.0193936307,0.8107274063,2.7440211679
0,3,100,75,0.9947185546,0.020627617,0.8108743571,2.5421546677
0,4,100,75,0.99485754,0.0181851297,0.8111682587,2.4670077827
1,0,100,75,0.9944475292,0.0208954522,0.8017951736,2.6406249317
1,1,100,75,0.9952803998,0.0203320739,0.8022366098,2.7206848856
1,2,100,75,0.9938922821,0.0235527155,0.801942319,2.8261514817
1,3,100,75,0.9934758468,0.0231424722,0.8020894644,2.7496856727
1,4,100,75,0.9940310938,0.0244701139,0.8020894644,2.7195653754
2,0,100,75,0.9939733707,0.0183229715,0.8100509833,2.5558663193
2,1,100,75,0.9938332165,0.0176060353,0.8110706483,2.7228454748
2,2,100,75,0.994253679,0.0172295688,0.8115076475,2.6076748465
2,3,100,75,0.9939733707,0.0212580801,0.8109249818,2.7689652039
2,4,100,75,0.994253679,0.0174393889,0.810633649,2.7095530004
3,0,100,75,0.9947112039,0.018468009,0.8057226706,2.8170083049
3,1,100,75,0.9951287404,0.0176696037,0.8046955246,2.8490407898
3,2,100,75,0.9958246347,0.0150603085,0.8054292003,2.5889349332
3,3,100,75,0.9958246347,0.0172985647,0.8057226706,2.8184981878
3,4,100,75,0.995546277,0.0165903329,0.8052824652,2.6500660066
4,0,100,75,0.989611119,0.0380327612,0.8098007852,2.6270556244
4,1,100,75,0.9953671206,0.0193281153,0.8102370219,2.6119866098
4,2,100,75,0.9938228275,0.0223181479,0.8102370219,2.8274009291
4,3,100,75,0.9949459497,0.0177295961,0.8111094954,2.7635192591
4,4,100,75,0.9938228275,0.0222020221,0.8109640831,2.6244884202
0,0,100,100,0.967477415,0.1007551766,0.947244673,0.1570141151
0,1,100,100,0.9167477414,0.247822879,0.9024246877,0.2642654241
0,2,100,100,0.9288394719,0.2071960085,0.9422483468,0.1648991816
0,3,100,100,0.9745656705,0.0872916597,0.9447465099,0.1603412847
0,4,100,100,0.9501042391,0.1536156712,0.9329904482,0.1925140777
1,0,100,100,0.9151860078,0.2598852816,0.889935256,0.3062421254
1,1,100,100,0.9604386452,0.117482845,0.9465862272,0.1652075161
1,2,100,100,0.927817879,0.2075897126,0.9196586227,0.2374010664
1,3,100,100,0.9607162687,0.1169753047,0.9373160683,0.1816461728
1,4,100,100,0.9709883398,0.0878631499,0.9521777517,0.1451272658
2,0,100,100,0.974351787,0.0785313406,0.9602330663,0.1186118859
2,1,100,100,0.9721093203,0.0858748335,0.9360524399,0.1827519959
2,2,100,100,0.9667834618,0.1009354331,0.9563000728,0.1313380046
2,3,100,100,0.9690259285,0.0991157242,0.9481427531,0.1516900219
2,4,100,100,0.9295024527,0.1918116321,0.9705753824,0.0922694383
3,0,100,100,0.9585247042,0.1304683109,0.9647835655,0.1102771389
3,1,100,100,0.9862212944,0.0527086478,0.9602347761,0.1136295296
3,2,100,100,0.9780097425,0.0645170737,0.9573000732,0.1172801531
3,3,100,100,0.956993737,0.1276106787,0.9509904621,0.141047941
3,4,100,100,0.9618649965,0.1197606864,0.9156272927,0.2159789856
4,0,100,100,0.9678506247,0.0931084857,0.9587029228,0.1264519799
4,1,100,100,0.9643408677,0.1118149725,0.9527410208,0.1328007809
4,2,100,100,0.9408956901,0.1710677493,0.9493965392,0.1508942447
4,3,100,100,0.9407552998,0.1651715956,0.9277301149,0.2144962827
4,4,100,100,0.9698160887,0.096740782,0.9556492657,0.133927567
